text,destination
I want a beach vacation,Goa
Beach trip with friends,Goa
Goa travel plan,Goa
Best beaches in India,Goa
Party destination,Goa
Nightlife trip,Goa
Sea view vacation,Goa
Beachside resort stay,Goa
Water sports adventure,Goa
Scuba diving trip,Goa
Parasailing experience,Goa
Beach holiday,Goa
Sunny beach destination,Goa
Weekend beach getaway,Goa
Coastal vacation,Goa
Relaxing beach trip,Goa
Beach destination for family,Goa
Beach destination for couples,Goa
Ocean side holiday,Goa
Beach and nightlife trip,Goa

na beach ku ponum,Goa
kadarkarai pakkam ponum,Goa
beach trip venum,Goa
friends oda beach trip,Goa
sea side vacation venum,Goa
party place venum,Goa
water sports try pannanum,Goa
beach resort la stay pannanum,Goa
coastal area visit pannanum,Goa
sunny destination venum,Goa

I want a cold place,Ooty
Hill station trip,Ooty
Cool weather destination,Ooty
Mountain vacation,Ooty
Nature getaway,Ooty
Tea garden visit,Ooty
Peaceful hill station,Ooty
Misty mountain trip,Ooty
Pleasant climate destination,Ooty
Summer vacation hill station,Ooty
Nilgiri hills trip,Ooty
Botanical garden visit,Ooty
Toy train experience,Ooty
Lake boating trip,Ooty
Weekend hill station,Ooty
Family hill station vacation,Ooty
Relaxing mountain retreat,Ooty
Green valley destination,Ooty
Nature photography trip,Ooty
Cool climate holiday,Ooty

na kulir place ku ponum,Ooty
kulirana idam venum,Ooty
hill station venum,Ooty
tea estate paakanum,Ooty
ooty mathiri place venum,Ooty
cool weather venum,Ooty
misty mountain paakanum,Ooty
lake boating pannanum,Ooty
green hills paakanum,Ooty
summer la kulir idam venum,Ooty

Tea plantation trip,Munnar
Nature and mountains,Munnar
Romantic honeymoon trip,Munnar
Green hills vacation,Munnar
Tea estate visit,Munnar
Kerala hill station,Munnar
Mountain retreat,Munnar
Eco tourism destination,Munnar
Peaceful honeymoon place,Munnar
Scenic hill station,Munnar
Wildlife park visit,Munnar

Couple vacation destination,Munnar
Nature lover trip,Munnar
Cloud covered mountains,Munnar
Adventure and nature trip,Munnar
Photography destination,Munnar
Forest and hills vacation,Munnar
Calm mountain getaway,Munnar
Beautiful landscape trip,Munnar

honeymoon trip venum,Munnar
romantic place venum,Munnar
tea plantation paakanum,Munnar
couples trip venum,Munnar
nature enjoy pannanum,Munnar
kerala hill station venum,Munnar
green mountain paakanum,Munnar
beautiful scenery venum,Munnar
wildlife park visit venum,Munnar
tea museum paakanum,Munnar

French architecture trip,Pondicherry
Budget travel destination,Pondicherry
Peaceful beach town,Pondicherry
French colony visit,Pondicherry
Promenade beach walk,Pondicherry
Affordable vacation,Pondicherry
Weekend budget trip,Pondicherry
Cultural tourism destination,Pondicherry
Beach and heritage trip,Pondicherry
Relaxing seaside town,Pondicherry
Auroville visit,Pondicherry
Meditation retreat,Pondicherry
French cafes experience,Pondicherry
Budget friendly destination,Pondicherry
Quiet beach vacation,Pondicherry
Historical town visit,Pondicherry
Spiritual travel destination,Pondicherry
Short vacation trip,Pondicherry
French style streets,Pondicherry
Calm coastal town,Pondicherry

budget trip venum,Pondicherry
cheap destination venum,Pondicherry
auroville paakanum,Pondicherry
french style city venum,Pondicherry
peaceful beach venum,Pondicherry
promenade beach walk venum,Pondicherry
low cost travel venum,Pondicherry
heritage place venum,Pondicherry
short trip venum,Pondicherry
calm place venum,Pondicherry

Snow destination,Manali
Adventure mountain trip,Manali
Skiing and snow activities,Manali
Winter vacation,Manali
Snowfall experience,Manali
Himalayan trip,Manali
Paragliding destination,Manali
Mountain adventure vacation,Manali
River rafting trip,Manali
Snow covered mountains,Manali
Cold weather adventure,Manali
Rohtang pass visit,Manali
Camping in mountains,Manali
Trekking destination,Manali
Backpacking trip,Manali
Adventure sports destination,Manali
Valley vacation,Manali
Winter honeymoon destination,Manali
Snow photography trip,Manali
Mountain road trip,Manali

snow paakanum,Manali
winter trip venum,Manali
paragliding pannanum,Manali
adventure destination venum,Manali
himalaya paakanum,Manali
rafting pannanum,Manali
trekking venum,Manali
cold mountain trip venum,Manali
rohtang pass paakanum,Manali
snow activities venum,Manali

Kodaikanal lake visit,Kodaikanal
Pine forest trip,Kodaikanal
Hill station getaway,Kodaikanal
Lake boating vacation,Kodaikanal
Nature retreat,Kodaikanal
Coakers walk visit,Kodaikanal
Pillar rocks trip,Kodaikanal
Forest vacation,Kodaikanal
Weekend nature trip,Kodaikanal
Mountain photography destination,Kodaikanal
Peaceful hill retreat,Kodaikanal
Lake side vacation,Kodaikanal
Cool climate destination,Kodaikanal
Family hill station trip,Kodaikanal
Scenic mountain getaway,Kodaikanal
Nature exploration trip,Kodaikanal
Green forest destination,Kodaikanal
Relaxing vacation,Kodaikanal
Tourist hill station,Kodaikanal
Beautiful valley views,Kodaikanal

kodai ponum,Kodaikanal
pine forest paakanum,Kodaikanal
lake boating venum,Kodaikanal
coakers walk poganum,Kodaikanal
pillar rocks paakanum,Kodaikanal
nature trip venum,Kodaikanal
cool climate venum,Kodaikanal
family trip venum,Kodaikanal
forest area venum,Kodaikanal
peaceful hill station venum,Kodaikanal
Kodaikanal sightseeing,Kodaikanal
Kodaikanal vacation,Kodaikanal
Lake view trip,Kodaikanal
Visit Kodaikanal,Kodaikanal
Nature park visit,Kodaikanal
Weekend at Kodai,Kodaikanal
Forest walk,Kodaikanal
Kodai family trip,Kodaikanal
Hill station vacation,Kodaikanal
Kodai tourism,Kodaikanal
kodaikanal ponum,Kodaikanal
kodai sightseeing venum,Kodaikanal
lake side stay venum,Kodaikanal
kodai weather enjoy pannanum,Kodaikanal
pine forest walk venum,Kodaikanal
green nature paakanum,Kodaikanal
kodai family outing,Kodaikanal
kodai honeymoon trip,Kodaikanal
hill station outing,Kodaikanal
cool climate trip venum,Kodaikanal
kodai tourism plan,Kodaikanal
beautiful lake paakanum,Kodaikanal
forest trekking venum,Kodaikanal
kodai vacation venum,Kodaikanal
nature photography venum,Kodaikanal
kodai road trip,Kodaikanal
peaceful destination,Kodaikanal
hill retreat venum,Kodaikanal
green valley visit,Kodaikanal
mountain relaxation,Kodaikanal
Manali snow trip,Manali
Snow holiday,Manali
Visit Manali,Manali
Winter adventure,Manali
Manali honeymoon,Manali
Snow mountain vacation,Manali
Ice activities,Manali
Snow photography,Manali
Mountain camping,Manali
Adventure vacation,Manali
manali ponum,Manali
snow enjoy pannanum,Manali
winter weather venum,Manali
manali tourism,Manali
snow mountain paakanum,Manali
rafting experience venum,Manali
camping trip venum,Manali
trekking outing venum,Manali
manali honeymoon trip,Manali
cold destination venum,Manali
manali road trip,Manali
adventure sports venum,Manali
snowfall paakanum,Manali
himalaya tour venum,Manali
paragliding experience venum,Manali
winter vacation plan,Manali
manali sightseeing,Manali
snow trekking venum,Manali
ice mountains paakanum,Manali
beautiful snow place venum,Manali
Pondicherry beach trip,Pondicherry
Pondicherry sightseeing,Pondicherry
French town visit,Pondicherry
Weekend in Pondicherry,Pondicherry
Budget holiday,Pondicherry
Pondicherry cafes,Pondicherry
Beach walk,Pondicherry
Affordable beach vacation,Pondicherry
Visit Auroville,Pondicherry
Heritage tour,Pondicherry
pondicherry ponum,Pondicherry
pondy trip venum,Pondicherry
french colony paakanum,Pondicherry
auroville visit venum,Pondicherry
cheap beach trip venum,Pondicherry
budget travel plan,Pondicherry
peaceful destination venum,Pondicherry
pondy beach enjoy pannanum,Pondicherry
short vacation venum,Pondicherry
calm beach place venum,Pondicherry
pondicherry tourism,Pondicherry
heritage sightseeing,Pondicherry
pondicherry cafe visit,Pondicherry
french architecture paakanum,Pondicherry
relaxing trip venum,Pondicherry
pondicherry family trip,Pondicherry
pondicherry couple trip,Pondicherry
low budget outing,Pondicherry
weekend beach holiday,Pondicherry
pondicherry road trip,Pondicherry
Munnar tea gardens,Munnar
Munnar honeymoon package,Munnar
Visit Munnar hills,Munnar
Munnar tourism,Munnar
Munnar vacation,Munnar
Nature trip to Munnar,Munnar
Tea factory visit,Munnar
Mountain view holiday,Munnar
Romantic hill station,Munnar
Couple trip to Munnar,Munnar
Munnar sightseeing,Munnar
Beautiful tea estates,Munnar
Forest trekking,Munnar
Calm nature vacation,Munnar
Photography in Munnar,Munnar
munnar ponum,Munnar
tea estate visit venum,Munnar
green tea garden paakanum,Munnar
romantic trip venum,Munnar
munnar honeymoon plan,Munnar
munnar weather enjoy pannanum,Munnar
mountain scenery venum,Munnar
kerala trip venum,Munnar
nature escape venum,Munnar
forest trekking venum,Munnar
munnar tourism,Munnar
beautiful hills paakanum,Munnar
peaceful vacation venum,Munnar
tea plantation outing,Munnar
munnar family trip,Munnar
Visit Ooty hills,Ooty
Nature trip to Ooty,Ooty
Ooty sightseeing,Ooty
Ooty family tour,Ooty
Ooty honeymoon,Ooty
Ooty vacation,Ooty
Cool hill station,Ooty
Best hill station,Ooty
Tea garden photography,Ooty
Mountain escape,Ooty
Pleasant weather trip,Ooty
Fresh air vacation,Ooty
Chill weather destination,Ooty
Ooty train ride,Ooty
Weekend at Ooty,Ooty
ooty ku ponum,Ooty
ooty travel venum,Ooty
kulir climate venum,Ooty
mountain view paakanum,Ooty
ooty garden visit venum,Ooty
ooty lake paakanum,Ooty
ooty toy train ride venum,Ooty
ooty sightseeing pannanum,Ooty
ooty family outing,Ooty
kulirana oor venum,Ooty
green nature venum,Ooty
ooty tourism,Ooty
cool hill trip,Ooty
ooty vacation plan,Ooty
ooty weather enjoy pannanum,Ooty
Beach vacation with family,Goa
Beach honeymoon,Goa
Best beach destination,Goa
Relax at the beach,Goa
Goa beach tour,Goa
Beach holiday with kids,Goa
Weekend in Goa,Goa
Goa beach adventure,Goa
Goa resort stay,Goa
Goa water activities,Goa
Goa beach photography,Goa
Enjoy sunset at beach,Goa
Beach camping,Goa
Goa island trip,Goa
Sea food vacation,Goa
na goa ponum,Goa
goa trip venum,Goa
beach pakkam travel pannanum,Goa
sea view paakanum,Goa
beach la relax pannanum,Goa
friends oda goa ponum,Goa
goa beach enjoy pannanum,Goa
goa resort venum,Goa
beach side room venum,Goa
goa la holiday venum,Goa
goa la sunset paakanum,Goa
kadal pakkam stay venum,Goa
beach destination suggest pannunga,Goa
summer beach trip venum,Goa
goa beach outing venum,Goa